date,base_currency,target_currency,rate
2018-12-31,USD,JPY,108.67
2019-01-07,USD,JPY,108.46
2019-01-14,USD,JPY,108.72
2019-01-21,USD,JPY,109.69
2019-01-28,USD,JPY,109.16
2019-02-04,USD,JPY,109.81
2019-02-11,USD,JPY,110.58
2019-02-18,USD,JPY,110.72
2019-02-25,USD,JPY,110.96
2019-03-04,USD,JPY,111.72
2019-03-11,USD,JPY,111.35
2019-03-18,USD,JPY,111.07
2019-03-25,USD,JPY,110.49
2019-04-01,USD,JPY,111.38
2019-04-08,USD,JPY,111.43
2019-04-15,USD,JPY,111.94
2019-04-22,USD,JPY,111.84
2019-04-29,USD,JPY,111.53
2019-05-06,USD,JPY,110.22
2019-05-13,USD,JPY,109.49
2019-05-20,USD,JPY,110.06
2019-05-27,USD,JPY,109.31
2019-06-03,USD,JPY,108.29
2019-06-10,USD,JPY,108.49
2019-06-17,USD,JPY,108.09
2019-06-24,USD,JPY,107.54
2019-07-01,USD,JPY,108.04
2019-07-08,USD,JPY,108.53
2019-07-15,USD,JPY,107.93
2019-07-22,USD,JPY,108.18
2019-07-29,USD,JPY,108.27
2019-08-05,USD,JPY,106.03
2019-08-12,USD,JPY,105.73
2019-08-19,USD,JPY,106.49
2019-08-26,USD,JPY,105.98
2019-09-02,USD,JPY,106.47
2019-09-09,USD,JPY,107.55
2019-09-16,USD,JPY,108.02
2019-09-23,USD,JPY,107.66
2019-09-30,USD,JPY,107.51
2019-10-07,USD,JPY,107.4
2019-10-14,USD,JPY,108.51
2019-10-21,USD,JPY,108.56
2019-10-28,USD,JPY,108.62
2019-11-04,USD,JPY,108.95
2019-11-11,USD,JPY,108.86
2019-11-18,USD,JPY,108.67
2019-11-25,USD,JPY,109.24
2019-12-02,USD,JPY,108.86
2019-12-09,USD,JPY,108.8
2019-12-16,USD,JPY,109.49
2019-12-23,USD,JPY,109.46
2019-12-30,USD,JPY,108.66
2020-01-06,USD,JPY,108.86
2020-01-13,USD,JPY,109.97
2020-01-20,USD,JPY,109.87
2020-01-27,USD,JPY,108.97
2020-02-03,USD,JPY,109.41
2020-02-10,USD,JPY,109.82
2020-02-17,USD,JPY,110.83
2020-02-24,USD,JPY,110.22
2020-03-02,USD,JPY,106.99
2020-03-09,USD,JPY,104.42
2020-03-16,USD,JPY,108.11
2020-03-23,USD,JPY,110.15
2020-03-30,USD,JPY,108.02
2020-04-06,USD,JPY,108.9
2020-04-13,USD,JPY,107.47
2020-04-20,USD,JPY,107.6
2020-04-27,USD,JPY,106.72
2020-05-04,USD,JPY,106.5
2020-05-11,USD,JPY,107.12
2020-05-18,USD,JPY,107.59
2020-05-25,USD,JPY,107.57
2020-06-01,USD,JPY,108.51
2020-06-08,USD,JPY,107.85
2020-06-15,USD,JPY,107.19
2020-06-22,USD,JPY,106.96
2020-06-29,USD,JPY,107.48
2020-07-06,USD,JPY,107.39
2020-07-13,USD,JPY,107.14
2020-07-20,USD,JPY,106.97
2020-07-27,USD,JPY,105.18
2020-08-03,USD,JPY,105.85
2020-08-10,USD,JPY,106.54
2020-08-17,USD,JPY,105.76
2020-08-24,USD,JPY,105.97
2020-08-31,USD,JPY,106.16
2020-09-07,USD,JPY,106.19
2020-09-14,USD,JPY,105.09
2020-09-21,USD,JPY,104.93
2020-09-28,USD,JPY,105.49
2020-10-05,USD,JPY,105.82
2020-10-12,USD,JPY,105.36
2020-10-19,USD,JPY,105.04
2020-10-26,USD,JPY,104.58
2020-11-02,USD,JPY,104.13
2020-11-09,USD,JPY,105.18
2020-11-16,USD,JPY,104.17
2020-11-23,USD,JPY,104.24
2020-11-30,USD,JPY,104.23
2020-12-07,USD,JPY,104.19
2020-12-14,USD,JPY,103.46
2020-12-21,USD,JPY,103.53
2020-12-28,USD,JPY,103.37
2021-01-04,USD,JPY,103.26
2021-01-11,USD,JPY,104.04
2021-01-18,USD,JPY,103.74
2021-01-25,USD,JPY,104.08
2021-02-01,USD,JPY,105.19
2021-02-08,USD,JPY,104.92
2021-02-15,USD,JPY,105.57
2021-02-22,USD,JPY,105.85
2021-03-01,USD,JPY,107.25
2021-03-08,USD,JPY,108.72
2021-03-15,USD,JPY,109.09
2021-03-22,USD,JPY,108.99
2021-03-29,USD,JPY,110.35
2021-04-05,USD,JPY,109.78
2021-04-12,USD,JPY,109.05
2021-04-19,USD,JPY,108.1
2021-04-26,USD,JPY,108.63
2021-05-03,USD,JPY,109.29
2021-05-10,USD,JPY,108.98
2021-05-17,USD,JPY,109.0
2021-05-24,USD,JPY,109.21
2021-05-31,USD,JPY,109.78
2021-06-07,USD,JPY,109.44
2021-06-14,USD,JPY,110.11
2021-06-21,USD,JPY,110.58
2021-06-28,USD,JPY,111.0
2021-07-05,USD,JPY,110.38
2021-07-12,USD,JPY,110.17
2021-07-19,USD,JPY,110.02
2021-07-26,USD,JPY,109.99
2021-08-02,USD,JPY,109.39
2021-08-09,USD,JPY,110.37
2021-08-16,USD,JPY,109.53
2021-08-23,USD,JPY,110.01
2021-08-30,USD,JPY,109.99
2021-09-06,USD,JPY,109.96
2021-09-13,USD,JPY,109.75
2021-09-20,USD,JPY,109.78
2021-09-27,USD,JPY,111.4
2021-10-04,USD,JPY,111.35
2021-10-11,USD,JPY,113.54
2021-10-18,USD,JPY,114.13
2021-10-25,USD,JPY,113.76
2021-11-01,USD,JPY,113.9
2021-11-08,USD,JPY,113.54
2021-11-15,USD,JPY,114.16
2021-11-22,USD,JPY,114.72
2021-11-29,USD,JPY,113.21
2021-12-06,USD,JPY,113.53
2021-12-13,USD,JPY,113.7
2021-12-20,USD,JPY,114.05
2021-12-27,USD,JPY,114.96
2022-01-03,USD,JPY,115.74
2022-01-10,USD,JPY,114.82
2022-01-17,USD,JPY,114.36
2022-01-24,USD,JPY,114.6
2022-01-31,USD,JPY,114.83
2022-02-07,USD,JPY,115.49
2022-02-14,USD,JPY,115.36
2022-02-21,USD,JPY,115.11
2022-02-28,USD,JPY,115.36
2022-03-07,USD,JPY,115.92
2022-03-14,USD,JPY,118.48
2022-03-21,USD,JPY,120.85
2022-03-28,USD,JPY,122.65
2022-04-04,USD,JPY,123.52
2022-04-11,USD,JPY,125.59
2022-04-18,USD,JPY,128.15
2022-04-25,USD,JPY,128.91
2022-05-02,USD,JPY,129.97
2022-05-09,USD,JPY,129.68
2022-05-16,USD,JPY,128.71
2022-05-23,USD,JPY,127.19
2022-05-30,USD,JPY,129.01
2022-06-06,USD,JPY,133.09
2022-06-13,USD,JPY,134.24
2022-06-20,USD,JPY,135.56
2022-06-27,USD,JPY,135.92
2022-07-04,USD,JPY,135.6
2022-07-11,USD,JPY,137.79
2022-07-18,USD,JPY,137.95
2022-07-25,USD,JPY,135.89
2022-08-01,USD,JPY,132.67
2022-08-08,USD,JPY,134.11
2022-08-15,USD,JPY,134.84
2022-08-22,USD,JPY,136.89
2022-08-29,USD,JPY,139.08
2022-09-05,USD,JPY,142.71
2022-09-12,USD,JPY,142.85
2022-09-19,USD,JPY,142.98
2022-09-26,USD,JPY,144.53
2022-10-03,USD,JPY,144.75
2022-10-10,USD,JPY,146.47
2022-10-17,USD,JPY,149.83
2022-10-24,USD,JPY,147.84
2022-10-31,USD,JPY,147.64
2022-11-07,USD,JPY,144.88
2022-11-14,USD,JPY,139.89
2022-11-21,USD,JPY,140.37
2022-11-28,USD,JPY,137.24
2022-12-05,USD,JPY,136.2
2022-12-12,USD,JPY,136.62
2022-12-19,USD,JPY,133.13
2022-12-26,USD,JPY,133.11
2023-01-02,USD,JPY,131.98
2023-01-09,USD,JPY,131.26
2023-01-16,USD,JPY,128.96
2023-01-23,USD,JPY,130.0
2023-01-30,USD,JPY,129.41
2023-02-06,USD,JPY,131.4
2023-02-13,USD,JPY,133.41
2023-02-20,USD,JPY,134.84
2023-02-27,USD,JPY,136.33
2023-03-06,USD,JPY,136.44
2023-03-13,USD,JPY,132.74
2023-03-20,USD,JPY,131.59
2023-03-27,USD,JPY,132.08
2023-04-03,USD,JPY,132.19
2023-04-10,USD,JPY,133.21
2023-04-17,USD,JPY,134.19
2023-04-24,USD,JPY,134.38
2023-05-01,USD,JPY,135.4
2023-05-08,USD,JPY,134.9
2023-05-15,USD,JPY,137.07
2023-05-22,USD,JPY,138.85
2023-05-29,USD,JPY,139.58
2023-06-05,USD,JPY,139.67
2023-06-12,USD,JPY,140.23
2023-06-19,USD,JPY,142.05
2023-06-26,USD,JPY,143.98
2023-07-03,USD,JPY,144.14
2023-07-10,USD,JPY,139.82
2023-07-17,USD,JPY,139.49
2023-07-24,USD,JPY,140.45
2023-07-31,USD,JPY,142.7
2023-08-07,USD,JPY,143.39
2023-08-14,USD,JPY,145.54
2023-08-21,USD,JPY,145.78
2023-08-28,USD,JPY,146.17
2023-09-04,USD,JPY,147.15
2023-09-11,USD,JPY,147.22
2023-09-18,USD,JPY,147.89
2023-09-25,USD,JPY,149.06
2023-10-02,USD,JPY,149.35
2023-10-09,USD,JPY,149.16
2023-10-16,USD,JPY,149.7
2023-10-23,USD,JPY,150.0
2023-10-30,USD,JPY,150.25
2023-11-06,USD,JPY,150.73
2023-11-13,USD,JPY,150.85
2023-11-20,USD,JPY,148.74
2023-11-27,USD,JPY,148.12
2023-12-04,USD,JPY,146.08
2023-12-11,USD,JPY,144.14
2023-12-18,USD,JPY,143.12
2023-12-25,USD,JPY,141.66
2024-01-01,USD,JPY,143.62
2024-01-08,USD,JPY,144.95
2024-01-15,USD,JPY,147.25
2024-01-22,USD,JPY,147.66
2024-01-29,USD,JPY,147.38
2024-02-05,USD,JPY,148.81
2024-02-12,USD,JPY,149.86
2024-02-19,USD,JPY,150.17
2024-02-26,USD,JPY,150.43
2024-03-04,USD,JPY,149.09
2024-03-11,USD,JPY,147.88
2024-03-18,USD,JPY,150.79
2024-03-25,USD,JPY,151.25
2024-04-01,USD,JPY,151.64
2024-04-08,USD,JPY,152.35
2024-04-15,USD,JPY,154.44
2024-04-22,USD,JPY,155.38
2024-04-29,USD,JPY,155.33
2024-05-06,USD,JPY,155.13
2024-05-13,USD,JPY,155.69
2024-05-20,USD,JPY,156.47
2024-05-27,USD,JPY,156.93
2024-06-03,USD,JPY,155.93
2024-06-10,USD,JPY,157.1
2024-06-17,USD,JPY,158.24
2024-06-24,USD,JPY,160.09
2024-07-01,USD,JPY,161.28
2024-07-08,USD,JPY,160.75
2024-07-15,USD,JPY,157.4
2024-07-22,USD,JPY,154.89
2024-07-29,USD,JPY,151.74
2024-08-05,USD,JPY,145.46
2024-08-12,USD,JPY,147.46
2024-08-19,USD,JPY,146.08
2024-08-26,USD,JPY,144.62
2024-09-02,USD,JPY,144.95
2024-09-09,USD,JPY,142.38
2024-09-16,USD,JPY,141.97
2024-09-23,USD,JPY,143.76
2024-09-30,USD,JPY,144.91
2024-10-07,USD,JPY,148.55
2024-10-14,USD,JPY,149.56
2024-10-21,USD,JPY,151.53
2024-10-28,USD,JPY,152.95
2024-11-04,USD,JPY,152.87
2024-11-11,USD,JPY,154.83
2024-11-18,USD,JPY,154.71
2024-11-25,USD,JPY,152.13
2024-12-02,USD,JPY,150.37
2024-12-09,USD,JPY,152.17
2024-12-16,USD,JPY,155.11
2024-12-23,USD,JPY,157.33
2024-12-30,USD,JPY,157.16
2025-01-06,USD,JPY,157.68
2025-01-13,USD,JPY,156.74
2025-01-20,USD,JPY,156.15
2025-01-27,USD,JPY,154.74
2025-02-03,USD,JPY,153.44
2025-02-10,USD,JPY,152.91
2025-02-17,USD,JPY,151.11
2025-02-24,USD,JPY,149.87
2025-03-03,USD,JPY,148.87
2025-03-10,USD,JPY,148.21
2025-03-17,USD,JPY,149.11
2025-03-24,USD,JPY,150.29
2025-03-31,USD,JPY,147.82
2025-04-07,USD,JPY,145.19
2025-04-14,USD,JPY,142.87
2025-04-21,USD,JPY,141.96
2025-04-28,USD,JPY,143.39
2025-05-05,USD,JPY,143.98
2025-05-12,USD,JPY,146.83
2025-05-19,USD,JPY,143.87
2025-05-26,USD,JPY,144.01
2025-06-02,USD,JPY,143.52
2025-06-09,USD,JPY,144.45
2025-06-16,USD,JPY,144.99
2025-06-23,USD,JPY,145.46
2025-06-30,USD,JPY,143.93
2025-07-07,USD,JPY,146.44
2025-07-14,USD,JPY,148.26
2025-07-21,USD,JPY,147.01
2025-07-28,USD,JPY,149.1
2025-08-04,USD,JPY,147.55
2025-08-11,USD,JPY,147.43
2025-08-18,USD,JPY,147.87
2025-08-25,USD,JPY,147.38
2025-09-01,USD,JPY,148.15
2025-09-08,USD,JPY,147.6
2025-09-15,USD,JPY,147.25
2025-09-22,USD,JPY,148.53
2025-09-29,USD,JPY,147.6
2025-10-06,USD,JPY,151.79
2025-10-13,USD,JPY,151.49
2025-10-20,USD,JPY,152.02
2025-10-27,USD,JPY,153.18
2025-11-03,USD,JPY,153.63
2025-11-10,USD,JPY,154.29
2025-11-17,USD,JPY,156.12
2025-11-24,USD,JPY,156.49
2018-12-31,EUR,JPY,123.88
2019-01-07,EUR,JPY,124.53
2019-01-14,EUR,JPY,124.12
2019-01-21,EUR,JPY,124.54
2019-01-28,EUR,JPY,124.95
2019-02-04,EUR,JPY,125.08
2019-02-11,EUR,JPY,124.82
2019-02-18,EUR,JPY,125.44
2019-02-25,EUR,JPY,126.27
2019-03-04,EUR,JPY,126.16
2019-03-11,EUR,JPY,125.66
2019-03-18,EUR,JPY,126.06
2019-03-25,EUR,JPY,124.48
2019-04-01,EUR,JPY,125.03
2019-04-08,EUR,JPY,125.66
2019-04-15,EUR,JPY,126.4
2019-04-22,EUR,JPY,125.02
2019-04-29,EUR,JPY,124.74
2019-05-06,EUR,JPY,123.47
2019-05-13,EUR,JPY,122.69
2019-05-20,EUR,JPY,122.88
2019-05-27,EUR,JPY,122.06
2019-06-03,EUR,JPY,121.77
2019-06-10,EUR,JPY,122.59
2019-06-17,EUR,JPY,121.6
2019-06-24,EUR,JPY,122.37
2019-07-01,EUR,JPY,122.06
2019-07-08,EUR,JPY,121.94
2019-07-15,EUR,JPY,121.2
2019-07-22,EUR,JPY,120.69
2019-07-29,EUR,JPY,120.32
2019-08-05,EUR,JPY,118.67
2019-08-12,EUR,JPY,118.06
2019-08-19,EUR,JPY,118.06
2019-08-26,EUR,JPY,117.45
2019-09-02,EUR,JPY,117.14
2019-09-09,EUR,JPY,118.6
2019-09-16,EUR,JPY,119.26
2019-09-23,EUR,JPY,118.09
2019-09-30,EUR,JPY,117.49
2019-10-07,EUR,JPY,118.21
2019-10-14,EUR,JPY,120.06
2019-10-21,EUR,JPY,120.85
2019-10-28,EUR,JPY,120.74
2019-11-04,EUR,JPY,120.87
2019-11-11,EUR,JPY,119.95
2019-11-18,EUR,JPY,120.29
2019-11-25,EUR,JPY,120.22
2019-12-02,EUR,JPY,120.54
2019-12-09,EUR,JPY,120.85
2019-12-16,EUR,JPY,121.83
2019-12-23,EUR,JPY,121.53
2019-12-30,EUR,JPY,121.6
2020-01-06,EUR,JPY,121.23
2020-01-13,EUR,JPY,122.42
2020-01-20,EUR,JPY,121.77
2020-01-27,EUR,JPY,120.11
2020-02-03,EUR,JPY,120.59
2020-02-10,EUR,JPY,119.65
2020-02-17,EUR,JPY,119.78
2020-02-24,EUR,JPY,120.08
2020-03-02,EUR,JPY,119.58
2020-03-09,EUR,JPY,118.05
2020-03-16,EUR,JPY,118.01
2020-03-23,EUR,JPY,119.86
2020-03-30,EUR,JPY,117.99
2020-04-06,EUR,JPY,118.2
2020-04-13,EUR,JPY,117.19
2020-04-20,EUR,JPY,116.5
2020-04-27,EUR,JPY,115.92
2020-05-04,EUR,JPY,115.49
2020-05-11,EUR,JPY,116.0
2020-05-18,EUR,JPY,117.59
2020-05-25,EUR,JPY,118.39
2020-06-01,EUR,JPY,121.67
2020-06-08,EUR,JPY,122.1
2020-06-15,EUR,JPY,120.53
2020-06-22,EUR,JPY,120.28
2020-06-29,EUR,JPY,120.79
2020-07-06,EUR,JPY,121.39
2020-07-13,EUR,JPY,122.12
2020-07-20,EUR,JPY,123.32
2020-07-27,EUR,JPY,123.68
2020-08-03,EUR,JPY,124.91
2020-08-10,EUR,JPY,125.64
2020-08-17,EUR,JPY,125.45
2020-08-24,EUR,JPY,125.4
2020-08-31,EUR,JPY,126.21
2020-09-07,EUR,JPY,125.48
2020-09-14,EUR,JPY,124.56
2020-09-21,EUR,JPY,122.77
2020-09-28,EUR,JPY,123.55
2020-10-05,EUR,JPY,124.64
2020-10-12,EUR,JPY,123.85
2020-10-19,EUR,JPY,124.21
2020-10-26,EUR,JPY,122.94
2020-11-02,EUR,JPY,122.46
2020-11-09,EUR,JPY,124.25
2020-11-16,EUR,JPY,123.49
2020-11-23,EUR,JPY,124.0
2020-11-30,EUR,JPY,125.75
2020-12-07,EUR,JPY,126.27
2020-12-14,EUR,JPY,126.21
2020-12-21,EUR,JPY,126.23
2020-12-28,EUR,JPY,126.71
2021-01-04,EUR,JPY,126.86
2021-01-11,EUR,JPY,126.38
2021-01-18,EUR,JPY,125.77
2021-01-25,EUR,JPY,126.22
2021-02-01,EUR,JPY,126.49
2021-02-08,EUR,JPY,126.97
2021-02-15,EUR,JPY,127.86
2021-02-22,EUR,JPY,128.65
2021-03-01,EUR,JPY,128.91
2021-03-08,EUR,JPY,129.5
2021-03-15,EUR,JPY,129.94
2021-03-22,EUR,JPY,129.09
2021-03-29,EUR,JPY,129.65
2021-04-05,EUR,JPY,130.24
2021-04-12,EUR,JPY,130.25
2021-04-19,EUR,JPY,130.16
2021-04-26,EUR,JPY,131.34
2021-05-03,EUR,JPY,131.56
2021-05-10,EUR,JPY,132.22
2021-05-17,EUR,JPY,132.91
2021-05-24,EUR,JPY,133.34
2021-05-31,EUR,JPY,133.75
2021-06-07,EUR,JPY,133.17
2021-06-14,EUR,JPY,132.53
2021-06-21,EUR,JPY,131.86
2021-06-28,EUR,JPY,131.85
2021-07-05,EUR,JPY,130.76
2021-07-12,EUR,JPY,130.27
2021-07-19,EUR,JPY,129.51
2021-07-26,EUR,JPY,130.16
2021-08-02,EUR,JPY,129.72
2021-08-09,EUR,JPY,129.58
2021-08-16,EUR,JPY,128.43
2021-08-23,EUR,JPY,129.19
2021-08-30,EUR,JPY,130.16
2021-09-06,EUR,JPY,130.26
2021-09-13,EUR,JPY,129.42
2021-09-20,EUR,JPY,128.68
2021-09-27,EUR,JPY,129.69
2021-10-04,EUR,JPY,128.96
2021-10-11,EUR,JPY,131.47
2021-10-18,EUR,JPY,132.73
2021-10-25,EUR,JPY,132.13
2021-11-01,EUR,JPY,131.77
2021-11-08,EUR,JPY,130.84
2021-11-15,EUR,JPY,129.56
2021-11-22,EUR,JPY,129.07
2021-11-29,EUR,JPY,128.12
2021-12-06,EUR,JPY,128.12
2021-12-13,EUR,JPY,128.51
2021-12-20,EUR,JPY,128.87
2021-12-27,EUR,JPY,130.15
2022-01-03,EUR,JPY,130.94
2022-01-10,EUR,JPY,130.75
2022-01-17,EUR,JPY,129.91
2022-01-24,EUR,JPY,128.68
2022-01-31,EUR,JPY,129.73
2022-02-07,EUR,JPY,131.99
2022-02-14,EUR,JPY,130.95
2022-02-21,EUR,JPY,129.85
2022-02-28,EUR,JPY,127.98
2022-03-07,EUR,JPY,127.18
2022-03-14,EUR,JPY,130.34
2022-03-21,EUR,JPY,132.99
2022-03-28,EUR,JPY,135.72
2022-04-04,EUR,JPY,135.07
2022-04-11,EUR,JPY,136.47
2022-04-18,EUR,JPY,138.84
2022-04-25,EUR,JPY,136.72
2022-05-02,EUR,JPY,137.12
2022-05-09,EUR,JPY,136.06
2022-05-16,EUR,JPY,135.38
2022-05-23,EUR,JPY,135.98
2022-05-30,EUR,JPY,138.32
2022-06-06,EUR,JPY,142.27
2022-06-13,EUR,JPY,140.21
2022-06-20,EUR,JPY,142.62
2022-06-27,EUR,JPY,142.61
2022-07-04,EUR,JPY,139.03
2022-07-11,EUR,JPY,138.53
2022-07-18,EUR,JPY,140.61
2022-07-25,EUR,JPY,138.15
2022-08-01,EUR,JPY,135.5
2022-08-08,EUR,JPY,137.62
2022-08-15,EUR,JPY,136.78
2022-08-22,EUR,JPY,136.45
2022-08-29,EUR,JPY,139.12
2022-09-05,EUR,JPY,142.11
2022-09-12,EUR,JPY,143.61
2022-09-19,EUR,JPY,141.61
2022-09-26,EUR,JPY,139.64
2022-10-03,EUR,JPY,142.51
2022-10-10,EUR,JPY,142.32
2022-10-17,EUR,JPY,146.51
2022-10-24,EUR,JPY,147.02
2022-10-31,EUR,JPY,145.85
2022-11-07,EUR,JPY,145.72
2022-11-14,EUR,JPY,144.98
2022-11-21,EUR,JPY,144.96
2022-11-28,EUR,JPY,143.27
2022-12-05,EUR,JPY,143.58
2022-12-12,EUR,JPY,144.8
2022-12-19,EUR,JPY,141.36
2022-12-26,EUR,JPY,141.7
2023-01-02,EUR,JPY,139.71
2023-01-09,EUR,JPY,141.1
2023-01-16,EUR,JPY,139.62
2023-01-23,EUR,JPY,141.35
2023-01-30,EUR,JPY,141.2
2023-02-06,EUR,JPY,141.04
2023-02-13,EUR,JPY,142.67
2023-02-20,EUR,JPY,143.39
2023-02-27,EUR,JPY,144.71
2023-03-06,EUR,JPY,144.61
2023-03-13,EUR,JPY,141.26
2023-03-20,EUR,JPY,141.85
2023-03-27,EUR,JPY,143.23
2023-04-03,EUR,JPY,144.17
2023-04-10,EUR,JPY,146.2
2023-04-17,EUR,JPY,147.1
2023-04-24,EUR,JPY,148.05
2023-05-01,EUR,JPY,149.27
2023-05-08,EUR,JPY,147.77
2023-05-15,EUR,JPY,148.6
2023-05-22,EUR,JPY,149.6
2023-05-29,EUR,JPY,149.63
2023-06-05,EUR,JPY,149.74
2023-06-12,EUR,JPY,151.87
2023-06-19,EUR,JPY,155.25
2023-06-26,EUR,JPY,157.25
2023-07-03,EUR,JPY,157.0
2023-07-10,EUR,JPY,154.84
2023-07-17,EUR,JPY,156.3
2023-07-24,EUR,JPY,155.45
2023-07-31,EUR,JPY,156.56
2023-08-07,EUR,JPY,157.5
2023-08-14,EUR,JPY,158.76
2023-08-21,EUR,JPY,158.17
2023-08-28,EUR,JPY,158.48
2023-09-04,EUR,JPY,158.01
2023-09-11,EUR,JPY,157.7
2023-09-18,EUR,JPY,157.83
2023-09-25,EUR,JPY,157.72
2023-10-02,EUR,JPY,157.07
2023-10-09,EUR,JPY,157.69
2023-10-16,EUR,JPY,158.14
2023-10-23,EUR,JPY,158.66
2023-10-30,EUR,JPY,159.64
2023-11-06,EUR,JPY,161.19
2023-11-13,EUR,JPY,162.87
2023-11-20,EUR,JPY,162.45
2023-11-27,EUR,JPY,162.01
2023-12-04,EUR,JPY,157.8
2023-12-11,EUR,JPY,156.29
2023-12-18,EUR,JPY,156.94
2023-12-25,EUR,JPY,156.9
2024-01-01,EUR,JPY,157.08
2024-01-08,EUR,JPY,158.75
2024-01-15,EUR,JPY,160.4
2024-01-22,EUR,JPY,160.74
2024-01-29,EUR,JPY,159.77
2024-02-05,EUR,JPY,160.11
2024-02-12,EUR,JPY,161.22
2024-02-19,EUR,JPY,162.38
2024-02-26,EUR,JPY,162.93
2024-03-04,EUR,JPY,162.2
2024-03-11,EUR,JPY,161.48
2024-03-18,EUR,JPY,163.82
2024-03-25,EUR,JPY,163.79
2024-04-01,EUR,JPY,163.86
2024-04-08,EUR,JPY,164.33
2024-04-15,EUR,JPY,164.53
2024-04-22,EUR,JPY,166.02
2024-04-29,EUR,JPY,166.51
2024-05-06,EUR,JPY,166.9
2024-05-13,EUR,JPY,168.57
2024-05-20,EUR,JPY,169.77
2024-05-27,EUR,JPY,170.27
2024-06-03,EUR,JPY,169.47
2024-06-10,EUR,JPY,168.79
2024-06-17,EUR,JPY,169.59
2024-06-24,EUR,JPY,171.41
2024-07-01,EUR,JPY,173.71
2024-07-08,EUR,JPY,174.32
2024-07-15,EUR,JPY,171.77
2024-07-22,EUR,JPY,168.23
2024-07-29,EUR,JPY,164.17
2024-08-05,EUR,JPY,158.99
2024-08-12,EUR,JPY,161.85
2024-08-19,EUR,JPY,162.13
2024-08-26,EUR,JPY,160.86
2024-09-02,EUR,JPY,160.44
2024-09-09,EUR,JPY,157.23
2024-09-16,EUR,JPY,158.18
2024-09-23,EUR,JPY,160.32
2024-09-30,EUR,JPY,160.62
2024-10-07,EUR,JPY,162.78
2024-10-14,EUR,JPY,162.81
2024-10-21,EUR,JPY,163.85
2024-10-28,EUR,JPY,165.72
2024-11-04,EUR,JPY,165.27
2024-11-11,EUR,JPY,164.17
2024-11-18,EUR,JPY,162.85
2024-11-25,EUR,JPY,160.19
2024-12-02,EUR,JPY,158.28
2024-12-09,EUR,JPY,160.11
2024-12-16,EUR,JPY,162.17
2024-12-23,EUR,JPY,163.75
2024-12-30,EUR,JPY,162.86
2025-01-06,EUR,JPY,163.09
2025-01-13,EUR,JPY,160.86
2025-01-20,EUR,JPY,162.36
2025-01-27,EUR,JPY,161.38
2025-02-03,EUR,JPY,158.87
2025-02-10,EUR,JPY,158.66
2025-02-17,EUR,JPY,157.94
2025-02-24,EUR,JPY,156.88
2025-03-03,EUR,JPY,158.9
2025-03-10,EUR,JPY,161.13
2025-03-17,EUR,JPY,162.17
2025-03-24,EUR,JPY,162.37
2025-03-31,EUR,JPY,161.3
2025-04-07,EUR,JPY,160.84
2025-04-14,EUR,JPY,162.22
2025-04-21,EUR,JPY,161.92
2025-04-28,EUR,JPY,162.92
2025-05-05,EUR,JPY,162.91
2025-05-12,EUR,JPY,163.89
2025-05-19,EUR,JPY,162.39
2025-05-26,EUR,JPY,163.24
2025-06-02,EUR,JPY,163.68
2025-06-09,EUR,JPY,165.77
2025-06-16,EUR,JPY,167.16
2025-06-23,EUR,JPY,168.95
2025-06-30,EUR,JPY,169.36
2025-07-07,EUR,JPY,171.44
2025-07-14,EUR,JPY,172.53
2025-07-21,EUR,JPY,172.21
2025-07-28,EUR,JPY,171.66
2025-08-04,EUR,JPY,171.17
2025-08-11,EUR,JPY,171.95
2025-08-18,EUR,JPY,172.28
2025-08-25,EUR,JPY,171.79
2025-09-01,EUR,JPY,172.92
2025-09-08,EUR,JPY,172.93
2025-09-15,EUR,JPY,173.65
2025-09-22,EUR,JPY,174.49
2025-09-29,EUR,JPY,173.21
2025-10-06,EUR,JPY,176.53
2025-10-13,EUR,JPY,175.95
2025-10-20,EUR,JPY,176.51
2025-10-27,EUR,JPY,177.72
2025-11-03,EUR,JPY,176.95
2025-11-10,EUR,JPY,178.95
2025-11-17,EUR,JPY,180.48
2025-11-24,EUR,JPY,180.96
2018-12-31,KRW,JPY,0.09688
2019-01-07,KRW,JPY,0.0968
2019-01-14,KRW,JPY,0.09683
2019-01-21,KRW,JPY,0.09723
2019-01-28,KRW,JPY,0.09775
2019-02-04,KRW,JPY,0.09792
2019-02-11,KRW,JPY,0.09826
2019-02-18,KRW,JPY,0.09841
2019-02-25,KRW,JPY,0.09902
2019-03-04,KRW,JPY,0.09892
2019-03-11,KRW,JPY,0.09822
2019-03-18,KRW,JPY,0.09821
2019-03-25,KRW,JPY,0.09726
2019-04-01,KRW,JPY,0.09803
2019-04-08,KRW,JPY,0.0978
2019-04-15,KRW,JPY,0.09867
2019-04-22,KRW,JPY,0.0969
2019-04-29,KRW,JPY,0.09575
2019-05-06,KRW,JPY,0.09377
2019-05-13,KRW,JPY,0.09201
2019-05-20,KRW,JPY,0.09239
2019-05-27,KRW,JPY,0.09185
2019-06-03,KRW,JPY,0.09164
2019-06-10,KRW,JPY,0.0917
2019-06-17,KRW,JPY,0.09206
2019-06-24,KRW,JPY,0.09308
2019-07-01,KRW,JPY,0.09253
2019-07-08,KRW,JPY,0.09206
2019-07-15,KRW,JPY,0.09158
2019-07-22,KRW,JPY,0.09173
2019-07-29,KRW,JPY,0.09116
2019-08-05,KRW,JPY,0.08741
2019-08-12,KRW,JPY,0.08696
2019-08-19,KRW,JPY,0.08812
2019-08-26,KRW,JPY,0.08747
2019-09-02,KRW,JPY,0.08841
2019-09-09,KRW,JPY,0.09058
2019-09-16,KRW,JPY,0.0908
2019-09-23,KRW,JPY,0.08985
2019-09-30,KRW,JPY,0.0895
2019-10-07,KRW,JPY,0.08995
2019-10-14,KRW,JPY,0.09168
2019-10-21,KRW,JPY,0.09256
2019-10-28,KRW,JPY,0.09297
2019-11-04,KRW,JPY,0.09411
2019-11-11,KRW,JPY,0.09326
2019-11-18,KRW,JPY,0.09279
2019-11-25,KRW,JPY,0.09276
2019-12-02,KRW,JPY,0.09153
2019-12-09,KRW,JPY,0.09164
2019-12-16,KRW,JPY,0.09395
2019-12-23,KRW,JPY,0.09419
2019-12-30,KRW,JPY,0.09373
2020-01-06,KRW,JPY,0.0935
2020-01-13,KRW,JPY,0.09497
2020-01-20,KRW,JPY,0.09426
2020-01-27,KRW,JPY,0.09198
2020-02-03,KRW,JPY,0.09213
2020-02-10,KRW,JPY,0.09275
2020-02-17,KRW,JPY,0.0926
2020-02-24,KRW,JPY,0.09083
2020-03-02,KRW,JPY,0.08995
2020-03-09,KRW,JPY,0.08705
2020-03-16,KRW,JPY,0.08657
2020-03-23,KRW,JPY,0.08919
2020-03-30,KRW,JPY,0.0879
2020-04-06,KRW,JPY,0.08934
2020-04-13,KRW,JPY,0.08813
2020-04-20,KRW,JPY,0.08749
2020-04-27,KRW,JPY,0.08766
2020-05-04,KRW,JPY,0.08708
2020-05-11,KRW,JPY,0.08729
2020-05-18,KRW,JPY,0.0874
2020-05-25,KRW,JPY,0.08698
2020-06-01,KRW,JPY,0.08911
2020-06-08,KRW,JPY,0.09007
2020-06-15,KRW,JPY,0.08849
2020-06-22,KRW,JPY,0.08873
2020-06-29,KRW,JPY,0.08952
2020-07-06,KRW,JPY,0.08982
2020-07-13,KRW,JPY,0.08905
2020-07-20,KRW,JPY,0.08916
2020-07-27,KRW,JPY,0.088
2020-08-03,KRW,JPY,0.08896
2020-08-10,KRW,JPY,0.08989
2020-08-17,KRW,JPY,0.08918
2020-08-24,KRW,JPY,0.08939
2020-08-31,KRW,JPY,0.08939
2020-09-07,KRW,JPY,0.0894
2020-09-14,KRW,JPY,0.08954
2020-09-21,KRW,JPY,0.08981
2020-09-28,KRW,JPY,0.09046
2020-10-05,KRW,JPY,0.09163
2020-10-12,KRW,JPY,0.0919
2020-10-19,KRW,JPY,0.09254
2020-10-26,KRW,JPY,0.09237
2020-11-02,KRW,JPY,0.09229
2020-11-09,KRW,JPY,0.09445
2020-11-16,KRW,JPY,0.09384
2020-11-23,KRW,JPY,0.09402
2020-11-30,KRW,JPY,0.09484
2020-12-07,KRW,JPY,0.09581
2020-12-14,KRW,JPY,0.09456
2020-12-21,KRW,JPY,0.09357
2020-12-28,KRW,JPY,0.09468
2021-01-04,KRW,JPY,0.09485
2021-01-11,KRW,JPY,0.09472
2021-01-18,KRW,JPY,0.09403
2021-01-25,KRW,JPY,0.09383
2021-02-01,KRW,JPY,0.09407
2021-02-08,KRW,JPY,0.09456
2021-02-15,KRW,JPY,0.09557
2021-02-22,KRW,JPY,0.09495
2021-03-01,KRW,JPY,0.09541
2021-03-08,KRW,JPY,0.09563
2021-03-15,KRW,JPY,0.09648
2021-03-22,KRW,JPY,0.09636
2021-03-29,KRW,JPY,0.09751
2021-04-05,KRW,JPY,0.09816
2021-04-12,KRW,JPY,0.09748
2021-04-19,KRW,JPY,0.09683
2021-04-26,KRW,JPY,0.0977
2021-05-03,KRW,JPY,0.09731
2021-05-10,KRW,JPY,0.09703
2021-05-17,KRW,JPY,0.09641
2021-05-24,KRW,JPY,0.09753
2021-05-31,KRW,JPY,0.09872
2021-06-07,KRW,JPY,0.09821
2021-06-14,KRW,JPY,0.09793
2021-06-21,KRW,JPY,0.0976
2021-06-28,KRW,JPY,0.0981
2021-07-05,KRW,JPY,0.0969
2021-07-12,KRW,JPY,0.09618
2021-07-19,KRW,JPY,0.09556
2021-07-26,KRW,JPY,0.09552
2021-08-02,KRW,JPY,0.09552
2021-08-09,KRW,JPY,0.09545
2021-08-16,KRW,JPY,0.09328
2021-08-23,KRW,JPY,0.09415
2021-08-30,KRW,JPY,0.09485
2021-09-06,KRW,JPY,0.09448
2021-09-13,KRW,JPY,0.09359
2021-09-20,KRW,JPY,0.09288
2021-09-27,KRW,JPY,0.09409
2021-10-04,KRW,JPY,0.09364
2021-10-11,KRW,JPY,0.09538
2021-10-18,KRW,JPY,0.09682
2021-10-25,KRW,JPY,0.09726
2021-11-01,KRW,JPY,0.09642
2021-11-08,KRW,JPY,0.09627
2021-11-15,KRW,JPY,0.09643
2021-11-22,KRW,JPY,0.09637
2021-11-29,KRW,JPY,0.09571
2021-12-06,KRW,JPY,0.09633
2021-12-13,KRW,JPY,0.09603
2021-12-20,KRW,JPY,0.09586
2021-12-27,KRW,JPY,0.09678
2022-01-03,KRW,JPY,0.09651
2022-01-10,KRW,JPY,0.09639
2022-01-17,KRW,JPY,0.09604
2022-01-24,KRW,JPY,0.09536
2022-01-31,KRW,JPY,0.09547
2022-02-07,KRW,JPY,0.09653
2022-02-14,KRW,JPY,0.09642
2022-02-21,KRW,JPY,0.09617
2022-02-28,KRW,JPY,0.09557
2022-03-07,KRW,JPY,0.09414
2022-03-14,KRW,JPY,0.09648
2022-03-21,KRW,JPY,0.0991
2022-03-28,KRW,JPY,0.10086
2022-04-04,KRW,JPY,0.10135
2022-04-11,KRW,JPY,0.10215
2022-04-18,KRW,JPY,0.10342
2022-04-25,KRW,JPY,0.10217
2022-05-02,KRW,JPY,0.1027
2022-05-09,KRW,JPY,0.1014
2022-05-16,KRW,JPY,0.10121
2022-05-23,KRW,JPY,0.10074
2022-05-30,KRW,JPY,0.10378
2022-06-06,KRW,JPY,0.10579
2022-06-13,KRW,JPY,0.10391
2022-06-20,KRW,JPY,0.10451
2022-06-27,KRW,JPY,0.10505
2022-07-04,KRW,JPY,0.10406
2022-07-11,KRW,JPY,0.1049
2022-07-18,KRW,JPY,0.10518
2022-07-25,KRW,JPY,0.10384
2022-08-01,KRW,JPY,0.10162
2022-08-08,KRW,JPY,0.10273
2022-08-15,KRW,JPY,0.10221
2022-08-22,KRW,JPY,0.10222
2022-08-29,KRW,JPY,0.10296
2022-09-05,KRW,JPY,0.10347
2022-09-12,KRW,JPY,0.10306
2022-09-19,KRW,JPY,0.10216
2022-09-26,KRW,JPY,0.10093
2022-10-03,KRW,JPY,0.10184
2022-10-10,KRW,JPY,0.10235
2022-10-17,KRW,JPY,0.1046
2022-10-24,KRW,JPY,0.10347
2022-10-31,KRW,JPY,0.104
2022-11-07,KRW,JPY,0.10602
2022-11-14,KRW,JPY,0.10512
2022-11-21,KRW,JPY,0.10428
2022-11-28,KRW,JPY,0.1043
2022-12-05,KRW,JPY,0.10391
2022-12-12,KRW,JPY,0.10462
2022-12-19,KRW,JPY,0.10349
2022-12-26,KRW,JPY,0.1051
2023-01-02,KRW,JPY,0.1037
2023-01-09,KRW,JPY,0.1054
2023-01-16,KRW,JPY,0.10423
2023-01-23,KRW,JPY,0.1054
2023-01-30,KRW,JPY,0.10523
2023-02-06,KRW,JPY,0.10427
2023-02-13,KRW,JPY,0.10397
2023-02-20,KRW,JPY,0.10357
2023-02-27,KRW,JPY,0.10392
2023-03-06,KRW,JPY,0.10394
2023-03-13,KRW,JPY,0.10128
2023-03-20,KRW,JPY,0.10115
2023-03-27,KRW,JPY,0.10153
2023-04-03,KRW,JPY,0.10051
2023-04-10,KRW,JPY,0.10136
2023-04-17,KRW,JPY,0.10135
2023-04-24,KRW,JPY,0.1004
2023-05-01,KRW,JPY,0.10188
2023-05-08,KRW,JPY,0.10168
2023-05-15,KRW,JPY,0.10268
2023-05-22,KRW,JPY,0.10508
2023-05-29,KRW,JPY,0.1059
2023-06-05,KRW,JPY,0.10741
2023-06-12,KRW,JPY,0.10964
2023-06-19,KRW,JPY,0.10977
2023-06-26,KRW,JPY,0.10983
2023-07-03,KRW,JPY,0.1106
2023-07-10,KRW,JPY,0.10882
2023-07-17,KRW,JPY,0.10985
2023-07-24,KRW,JPY,0.10992
2023-07-31,KRW,JPY,0.11025
2023-08-07,KRW,JPY,0.10895
2023-08-14,KRW,JPY,0.10879
2023-08-21,KRW,JPY,0.10943
2023-08-28,KRW,JPY,0.11042
2023-09-04,KRW,JPY,0.11057
2023-09-11,KRW,JPY,0.11085
2023-09-18,KRW,JPY,0.11118
2023-09-25,KRW,JPY,0.1106
2023-10-02,KRW,JPY,0.11033
2023-10-09,KRW,JPY,0.11079
2023-10-16,KRW,JPY,0.11056
2023-10-23,KRW,JPY,0.11095
2023-10-30,KRW,JPY,0.11221
2023-11-06,KRW,JPY,0.11505
2023-11-13,KRW,JPY,0.11544
2023-11-20,KRW,JPY,0.11458
2023-11-27,KRW,JPY,0.11409
2023-12-04,KRW,JPY,0.11126
2023-12-11,KRW,JPY,0.11015
2023-12-18,KRW,JPY,0.10995
2023-12-25,KRW,JPY,0.10958
2024-01-01,KRW,JPY,0.10937
2024-01-08,KRW,JPY,0.11002
2024-01-15,KRW,JPY,0.11027
2024-01-22,KRW,JPY,0.1105
2024-01-29,KRW,JPY,0.1107
2024-02-05,KRW,JPY,0.11182
2024-02-12,KRW,JPY,0.1126
2024-02-19,KRW,JPY,0.11275
2024-02-26,KRW,JPY,0.11273
2024-03-04,KRW,JPY,0.11214
2024-03-11,KRW,JPY,0.11222
2024-03-18,KRW,JPY,0.11278
2024-03-25,KRW,JPY,0.11239
2024-04-01,KRW,JPY,0.11231
2024-04-08,KRW,JPY,0.11185
2024-04-15,KRW,JPY,0.11171
2024-04-22,KRW,JPY,0.11284
2024-04-29,KRW,JPY,0.11315
2024-05-06,KRW,JPY,0.1138
2024-05-13,KRW,JPY,0.11453
2024-05-20,KRW,JPY,0.11477
2024-05-27,KRW,JPY,0.11458
2024-06-03,KRW,JPY,0.11364
2024-06-10,KRW,JPY,0.114
2024-06-17,KRW,JPY,0.11426
2024-06-24,KRW,JPY,0.11541
2024-07-01,KRW,JPY,0.11651
2024-07-08,KRW,JPY,0.11638
2024-07-15,KRW,JPY,0.11381
2024-07-22,KRW,JPY,0.11186
2024-07-29,KRW,JPY,0.11041
2024-08-05,KRW,JPY,0.10604
2024-08-12,KRW,JPY,0.10824
2024-08-19,KRW,JPY,0.10929
2024-08-26,KRW,JPY,0.10862
2024-09-02,KRW,JPY,0.10836
2024-09-09,KRW,JPY,0.10629
2024-09-16,KRW,JPY,0.10714
2024-09-23,KRW,JPY,0.10828
2024-09-30,KRW,JPY,0.10931
2024-10-07,KRW,JPY,0.11025
2024-10-14,KRW,JPY,0.10961
2024-10-21,KRW,JPY,0.10963
2024-10-28,KRW,JPY,0.11071
2024-11-04,KRW,JPY,0.11027
2024-11-11,KRW,JPY,0.11056
2024-11-18,KRW,JPY,0.11067
2024-11-25,KRW,JPY,0.10893
2024-12-02,KRW,JPY,0.10645
2024-12-09,KRW,JPY,0.10628
2024-12-16,KRW,JPY,0.10761
2024-12-23,KRW,JPY,0.10763
2024-12-30,KRW,JPY,0.10681
2025-01-06,KRW,JPY,0.10808
2025-01-13,KRW,JPY,0.10727
2025-01-20,KRW,JPY,0.10848
2025-01-27,KRW,JPY,0.10722
2025-02-03,KRW,JPY,0.10563
2025-02-10,KRW,JPY,0.10549
2025-02-17,KRW,JPY,0.10496
2025-02-24,KRW,JPY,0.10409
2025-03-03,KRW,JPY,0.10253
2025-03-10,KRW,JPY,0.1019
2025-03-17,KRW,JPY,0.10221
2025-03-24,KRW,JPY,0.10248
2025-03-31,KRW,JPY,0.10108
2025-04-07,KRW,JPY,0.09936
2025-04-14,KRW,JPY,0.10056
2025-04-21,KRW,JPY,0.09924
2025-04-28,KRW,JPY,0.10061
2025-05-05,KRW,JPY,0.10369
2025-05-12,KRW,JPY,0.10435
2025-05-19,KRW,JPY,0.104
2025-05-26,KRW,JPY,0.10481
2025-06-02,KRW,JPY,0.10497
2025-06-09,KRW,JPY,0.10587
2025-06-16,KRW,JPY,0.10588
2025-06-23,KRW,JPY,0.10649
2025-06-30,KRW,JPY,0.10593
2025-07-07,KRW,JPY,0.10669
2025-07-14,KRW,JPY,0.10685
2025-07-21,KRW,JPY,0.10659
2025-07-28,KRW,JPY,0.10707
2025-08-04,KRW,JPY,0.10634
2025-08-11,KRW,JPY,0.10629
2025-08-18,KRW,JPY,0.10618
2025-08-25,KRW,JPY,0.10593
2025-09-01,KRW,JPY,0.1064
2025-09-08,KRW,JPY,0.10621
2025-09-15,KRW,JPY,0.10619
2025-09-22,KRW,JPY,0.10611
2025-09-29,KRW,JPY,0.10516
2025-10-06,KRW,JPY,0.10705
2025-10-13,KRW,JPY,0.10632
2025-10-20,KRW,JPY,0.10606
2025-10-27,KRW,JPY,0.10705
2025-11-03,KRW,JPY,0.10641
2025-11-10,KRW,JPY,0.10568
2025-11-17,KRW,JPY,0.10644
2025-11-24,KRW,JPY,0.10654
2018-12-31,CNY,JPY,15.8204
2019-01-07,CNY,JPY,15.917
2019-01-14,CNY,JPY,16.0652
2019-01-21,CNY,JPY,16.1562
2019-01-28,CNY,JPY,16.2287
2019-02-04,CNY,JPY,16.2852
2019-02-11,CNY,JPY,16.3242
2019-02-18,CNY,JPY,16.4324
2019-02-25,CNY,JPY,16.582
2019-03-04,CNY,JPY,16.6502
2019-03-11,CNY,JPY,16.5787
2019-03-18,CNY,JPY,16.5648
2019-03-25,CNY,JPY,16.4415
2019-04-01,CNY,JPY,16.5862
2019-04-08,CNY,JPY,16.5945
2019-04-15,CNY,JPY,16.7001
2019-04-22,CNY,JPY,16.6195
2019-04-29,CNY,JPY,16.5635
2019-05-06,CNY,JPY,16.2275
2019-05-13,CNY,JPY,15.8997
2019-05-20,CNY,JPY,15.9303
2019-05-27,CNY,JPY,15.8261
2019-06-03,CNY,JPY,15.6732
2019-06-10,CNY,JPY,15.6727
2019-06-17,CNY,JPY,15.6721
2019-06-24,CNY,JPY,15.6393
2019-07-01,CNY,JPY,15.7272
2019-07-08,CNY,JPY,15.7763
2019-07-15,CNY,JPY,15.692
2019-07-22,CNY,JPY,15.7306
2019-07-29,CNY,JPY,15.6918
2019-08-05,CNY,JPY,15.056
2019-08-12,CNY,JPY,15.0095
2019-08-19,CNY,JPY,15.0639
2019-08-26,CNY,JPY,14.8185
2019-09-02,CNY,JPY,14.8876
2019-09-09,CNY,JPY,15.1409
2019-09-16,CNY,JPY,15.2397
2019-09-23,CNY,JPY,15.1149
2019-09-30,CNY,JPY,15.0412
2019-10-07,CNY,JPY,15.0661
2019-10-14,CNY,JPY,15.3216
2019-10-21,CNY,JPY,15.3468
2019-10-28,CNY,JPY,15.3962
2019-11-04,CNY,JPY,15.57
2019-11-11,CNY,JPY,15.5205
2019-11-18,CNY,JPY,15.461
2019-11-25,CNY,JPY,15.5335
2019-12-02,CNY,JPY,15.4527
2019-12-09,CNY,JPY,15.4872
2019-12-16,CNY,JPY,15.6355
2019-12-23,CNY,JPY,15.6262
2019-12-30,CNY,JPY,15.5877
2020-01-06,CNY,JPY,15.6798
2020-01-13,CNY,JPY,15.9817
2020-01-20,CNY,JPY,15.906
2020-01-27,CNY,JPY,15.7091
2020-02-03,CNY,JPY,15.6519
2020-02-10,CNY,JPY,15.7345
2020-02-17,CNY,JPY,15.8169
2020-02-24,CNY,JPY,15.7193
2020-03-02,CNY,JPY,15.404
2020-03-09,CNY,JPY,14.977
2020-03-16,CNY,JPY,15.3204
2020-03-23,CNY,JPY,15.5523
2020-03-30,CNY,JPY,15.2192
2020-04-06,CNY,JPY,15.4083
2020-04-13,CNY,JPY,15.2108
2020-04-20,CNY,JPY,15.1936
2020-04-27,CNY,JPY,15.0926
2020-05-04,CNY,JPY,15.0493
2020-05-11,CNY,JPY,15.0951
2020-05-18,CNY,JPY,15.1284
2020-05-25,CNY,JPY,15.0599
2020-06-01,CNY,JPY,15.2562
2020-06-08,CNY,JPY,15.2471
2020-06-15,CNY,JPY,15.1283
2020-06-22,CNY,JPY,15.1269
2020-06-29,CNY,JPY,15.2021
2020-07-06,CNY,JPY,15.322
2020-07-13,CNY,JPY,15.3061
2020-07-20,CNY,JPY,15.2819
2020-07-27,CNY,JPY,15.0342
2020-08-03,CNY,JPY,15.1997
2020-08-10,CNY,JPY,15.3255
2020-08-17,CNY,JPY,15.2761
2020-08-24,CNY,JPY,15.3714
2020-08-31,CNY,JPY,15.5341
2020-09-07,CNY,JPY,15.5261
2020-09-14,CNY,JPY,15.5022
2020-09-21,CNY,JPY,15.4251
2020-09-28,CNY,JPY,15.503
2020-10-05,CNY,JPY,15.6145
2020-10-12,CNY,JPY,15.6592
2020-10-19,CNY,JPY,15.7347
2020-10-26,CNY,JPY,15.5928
2020-11-02,CNY,JPY,15.66
2020-11-09,CNY,JPY,15.9009
2020-11-16,CNY,JPY,15.8524
2020-11-23,CNY,JPY,15.8489
2020-11-30,CNY,JPY,15.8924
2020-12-07,CNY,JPY,15.9339
2020-12-14,CNY,JPY,15.8223
2020-12-21,CNY,JPY,15.8276
2020-12-28,CNY,JPY,15.8221
2021-01-04,CNY,JPY,15.9761
2021-01-11,CNY,JPY,16.0787
2021-01-18,CNY,JPY,16.0161
2021-01-25,CNY,JPY,16.1022
2021-02-01,CNY,JPY,16.2751
2021-02-08,CNY,JPY,16.2615
2021-02-15,CNY,JPY,16.3449
2021-02-22,CNY,JPY,16.3844
2021-03-01,CNY,JPY,16.5677
2021-03-08,CNY,JPY,16.7052
2021-03-15,CNY,JPY,16.7716
2021-03-22,CNY,JPY,16.7057
2021-03-29,CNY,JPY,16.8106
2021-04-05,CNY,JPY,16.7602
2021-04-12,CNY,JPY,16.6882
2021-04-19,CNY,JPY,16.6385
2021-04-26,CNY,JPY,16.769
2021-05-03,CNY,JPY,16.884
2021-05-10,CNY,JPY,16.9398
2021-05-17,CNY,JPY,16.9409
2021-05-24,CNY,JPY,17.0763
2021-05-31,CNY,JPY,17.1847
2021-06-07,CNY,JPY,17.1187
2021-06-14,CNY,JPY,17.1635
2021-06-21,CNY,JPY,17.0956
2021-06-28,CNY,JPY,17.1718
2021-07-05,CNY,JPY,17.0542
2021-07-12,CNY,JPY,17.0379
2021-07-19,CNY,JPY,16.986
2021-07-26,CNY,JPY,16.9711
2021-08-02,CNY,JPY,16.9261
2021-08-09,CNY,JPY,17.0305
2021-08-16,CNY,JPY,16.8889
2021-08-23,CNY,JPY,16.9743
2021-08-30,CNY,JPY,17.0237
2021-09-06,CNY,JPY,17.037
2021-09-13,CNY,JPY,17.0204
2021-09-20,CNY,JPY,16.9778
2021-09-27,CNY,JPY,17.2453
2021-10-04,CNY,JPY,17.2707
2021-10-11,CNY,JPY,17.6236
2021-10-18,CNY,JPY,17.8312
2021-10-25,CNY,JPY,17.7984
2021-11-01,CNY,JPY,17.8003
2021-11-08,CNY,JPY,17.7656
2021-11-15,CNY,JPY,17.8814
2021-11-22,CNY,JPY,17.9591
2021-11-29,CNY,JPY,17.7602
2021-12-06,CNY,JPY,17.8286
2021-12-13,CNY,JPY,17.8565
2021-12-20,CNY,JPY,17.9004
2021-12-27,CNY,JPY,18.0556
2022-01-03,CNY,JPY,18.1644
2022-01-10,CNY,JPY,18.0392
2022-01-17,CNY,JPY,18.018
2022-01-24,CNY,JPY,18.0695
2022-01-31,CNY,JPY,18.0517
2022-02-07,CNY,JPY,18.1559
2022-02-14,CNY,JPY,18.1923
2022-02-21,CNY,JPY,18.2016
2022-02-28,CNY,JPY,18.2649
2022-03-07,CNY,JPY,18.3362
2022-03-14,CNY,JPY,18.6264
2022-03-21,CNY,JPY,18.9861
2022-03-28,CNY,JPY,19.2899
2022-04-04,CNY,JPY,19.4139
2022-04-11,CNY,JPY,19.7165
2022-04-18,CNY,JPY,19.9042
2022-04-25,CNY,JPY,19.6192
2022-05-02,CNY,JPY,19.625
2022-05-09,CNY,JPY,19.2202
2022-05-16,CNY,JPY,19.1039
2022-05-23,CNY,JPY,19.0187
2022-05-30,CNY,JPY,19.3433
2022-06-06,CNY,JPY,19.94
2022-06-13,CNY,JPY,19.9721
2022-06-20,CNY,JPY,20.231
2022-06-27,CNY,JPY,20.292
2022-07-04,CNY,JPY,20.23
2022-07-11,CNY,JPY,20.457
2022-07-18,CNY,JPY,20.431
2022-07-25,CNY,JPY,20.132
2022-08-01,CNY,JPY,19.6439
2022-08-08,CNY,JPY,19.8712
2022-08-15,CNY,JPY,19.862
2022-08-22,CNY,JPY,19.9713
2022-08-29,CNY,JPY,20.147
2022-09-05,CNY,JPY,20.54
2022-09-12,CNY,JPY,20.515
2022-09-19,CNY,JPY,20.278
2022-09-26,CNY,JPY,20.178
2022-10-03,CNY,JPY,20.341
2022-10-10,CNY,JPY,20.418
2022-10-17,CNY,JPY,20.754
2022-10-24,CNY,JPY,20.404
2022-10-31,CNY,JPY,20.316
2022-11-07,CNY,JPY,20.074
2022-11-14,CNY,JPY,19.7211
2022-11-21,CNY,JPY,19.6099
2022-11-28,CNY,JPY,19.3091
2022-12-05,CNY,JPY,19.5432
2022-12-12,CNY,JPY,19.6015
2022-12-19,CNY,JPY,19.0798
2022-12-26,CNY,JPY,19.1518
2023-01-02,CNY,JPY,19.167
2023-01-09,CNY,JPY,19.4077
2023-01-16,CNY,JPY,19.0579
2023-01-23,CNY,JPY,19.1669
2023-01-30,CNY,JPY,19.1942
2023-02-06,CNY,JPY,19.354
2023-02-13,CNY,JPY,19.4955
2023-02-20,CNY,JPY,19.5591
2023-02-27,CNY,JPY,19.7153
2023-03-06,CNY,JPY,19.6374
2023-03-13,CNY,JPY,19.2873
2023-03-20,CNY,JPY,19.1599
2023-03-27,CNY,JPY,19.1984
2023-04-03,CNY,JPY,19.2134
2023-04-10,CNY,JPY,19.3781
2023-04-17,CNY,JPY,19.4995
2023-04-24,CNY,JPY,19.4299
2023-05-01,CNY,JPY,19.591
2023-05-08,CNY,JPY,19.4662
2023-05-15,CNY,JPY,19.6081
2023-05-22,CNY,JPY,19.6907
2023-05-29,CNY,JPY,19.6952
2023-06-05,CNY,JPY,19.6141
2023-06-12,CNY,JPY,19.6209
2023-06-19,CNY,JPY,19.7937
2023-06-26,CNY,JPY,19.8882
2023-07-03,CNY,JPY,19.9216
2023-07-10,CNY,JPY,19.4581
2023-07-17,CNY,JPY,19.4251
2023-07-24,CNY,JPY,19.6236
2023-07-31,CNY,JPY,19.9026
2023-08-07,CNY,JPY,19.8876
2023-08-14,CNY,JPY,19.9849
2023-08-21,CNY,JPY,20.004
2023-08-28,CNY,JPY,20.069
2023-09-04,CNY,JPY,20.132
2023-09-11,CNY,JPY,20.21
2023-09-18,CNY,JPY,20.264
2023-09-25,CNY,JPY,20.398
2023-10-02,CNY,JPY,20.453
2023-10-09,CNY,JPY,20.433
2023-10-16,CNY,JPY,20.466
2023-10-23,CNY,JPY,20.503
2023-10-30,CNY,JPY,20.54
2023-11-06,CNY,JPY,20.698
2023-11-13,CNY,JPY,20.788
2023-11-20,CNY,JPY,20.799
2023-11-27,CNY,JPY,20.736
2023-12-04,CNY,JPY,20.428
2023-12-11,CNY,JPY,20.153
2023-12-18,CNY,JPY,20.053
2023-12-25,CNY,JPY,19.8998
2024-01-01,CNY,JPY,20.088
2024-01-08,CNY,JPY,20.23
2024-01-15,CNY,JPY,20.483
2024-01-22,CNY,JPY,20.587
2024-01-29,CNY,JPY,20.529
2024-02-05,CNY,JPY,20.685
2024-02-12,CNY,JPY,20.832
2024-02-19,CNY,JPY,20.873
2024-02-26,CNY,JPY,20.901
2024-03-04,CNY,JPY,20.717
2024-03-11,CNY,JPY,20.574
2024-03-18,CNY,JPY,20.929
2024-03-25,CNY,JPY,20.944
2024-04-01,CNY,JPY,20.959
2024-04-08,CNY,JPY,21.058
2024-04-15,CNY,JPY,21.336
2024-04-22,CNY,JPY,21.443
2024-04-29,CNY,JPY,21.451
2024-05-06,CNY,JPY,21.483
2024-05-13,CNY,JPY,21.545
2024-05-20,CNY,JPY,21.617
2024-05-27,CNY,JPY,21.667
2024-06-03,CNY,JPY,21.527
2024-06-10,CNY,JPY,21.661
2024-06-17,CNY,JPY,21.803
2024-06-24,CNY,JPY,22.039
2024-07-01,CNY,JPY,22.183
2024-07-08,CNY,JPY,22.121
2024-07-15,CNY,JPY,21.672
2024-07-22,CNY,JPY,21.338
2024-07-29,CNY,JPY,20.968
2024-08-05,CNY,JPY,20.32
2024-08-12,CNY,JPY,20.595
2024-08-19,CNY,JPY,20.461
2024-08-26,CNY,JPY,20.334
2024-09-02,CNY,JPY,20.395
2024-09-09,CNY,JPY,20.018
2024-09-16,CNY,JPY,20.053
2024-09-23,CNY,JPY,20.456
2024-09-30,CNY,JPY,20.65
2024-10-07,CNY,JPY,21.052
2024-10-14,CNY,JPY,21.042
2024-10-21,CNY,JPY,21.28
2024-10-28,CNY,JPY,21.473
2024-11-04,CNY,JPY,21.411
2024-11-11,CNY,JPY,21.439
2024-11-18,CNY,JPY,21.36
2024-11-25,CNY,JPY,20.994
2024-12-02,CNY,JPY,20.678
2024-12-09,CNY,JPY,20.944
2024-12-16,CNY,JPY,21.278
2024-12-23,CNY,JPY,21.558
2024-12-30,CNY,JPY,21.516
2025-01-06,CNY,JPY,21.519
2025-01-13,CNY,JPY,21.381
2025-01-20,CNY,JPY,21.449
2025-01-27,CNY,JPY,21.346
2025-02-03,CNY,JPY,21.105
2025-02-10,CNY,JPY,20.954
2025-02-17,CNY,JPY,20.788
2025-02-24,CNY,JPY,20.635
2025-03-03,CNY,JPY,20.51
2025-03-10,CNY,JPY,20.458
2025-03-17,CNY,JPY,20.605
2025-03-24,CNY,JPY,20.696
2025-03-31,CNY,JPY,20.323
2025-04-07,CNY,JPY,19.825
2025-04-14,CNY,JPY,19.5509
2025-04-21,CNY,JPY,19.4601
2025-04-28,CNY,JPY,19.7049
2025-05-05,CNY,JPY,19.8901
2025-05-12,CNY,JPY,20.377
2025-05-19,CNY,JPY,19.969
2025-05-26,CNY,JPY,20.026
2025-06-02,CNY,JPY,19.968
2025-06-09,CNY,JPY,20.112
2025-06-16,CNY,JPY,20.186
2025-06-23,CNY,JPY,20.272
2025-06-30,CNY,JPY,20.091
2025-07-07,CNY,JPY,20.412
2025-07-14,CNY,JPY,20.66
2025-07-21,CNY,JPY,20.51
2025-07-28,CNY,JPY,20.744
2025-08-04,CNY,JPY,20.542
2025-08-11,CNY,JPY,20.535
2025-08-18,CNY,JPY,20.6
2025-08-25,CNY,JPY,20.619
2025-09-01,CNY,JPY,20.748
2025-09-08,CNY,JPY,20.717
2025-09-15,CNY,JPY,20.703
2025-09-22,CNY,JPY,20.853
2025-09-29,CNY,JPY,20.731
2025-10-06,CNY,JPY,21.316
2025-10-13,CNY,JPY,21.249
2025-10-20,CNY,JPY,21.342
2025-10-27,CNY,JPY,21.551
2025-11-03,CNY,JPY,21.569
2025-11-10,CNY,JPY,21.704
2025-11-17,CNY,JPY,21.957
2025-11-24,CNY,JPY,22.088
2018-12-31,AUD,JPY,76.271
2019-01-07,AUD,JPY,77.768
2019-01-14,AUD,JPY,78.112
2019-01-21,AUD,JPY,78.18
2019-01-28,AUD,JPY,78.753
2019-02-04,AUD,JPY,78.617
2019-02-11,AUD,JPY,78.508
2019-02-18,AUD,JPY,78.953
2019-02-25,AUD,JPY,79.29
2019-03-04,AUD,JPY,78.796
2019-03-11,AUD,JPY,78.651
2019-03-18,AUD,JPY,78.911
2019-03-25,AUD,JPY,78.467
2019-04-01,AUD,JPY,79.178
2019-04-08,AUD,JPY,79.612
2019-04-15,AUD,JPY,80.3
2019-04-22,AUD,JPY,78.797
2019-04-29,AUD,JPY,78.394
2019-05-06,AUD,JPY,77.116
2019-05-13,AUD,JPY,75.809
2019-05-20,AUD,JPY,75.861
2019-05-27,AUD,JPY,75.645
2019-06-03,AUD,JPY,75.53
2019-06-10,AUD,JPY,75.246
2019-06-17,AUD,JPY,74.405
2019-06-24,AUD,JPY,75.074
2019-07-01,AUD,JPY,75.715
2019-07-08,AUD,JPY,75.561
2019-07-15,AUD,JPY,75.897
2019-07-22,AUD,JPY,75.625
2019-07-29,AUD,JPY,74.295
2019-08-05,AUD,JPY,71.878
2019-08-12,AUD,JPY,71.534
2019-08-19,AUD,JPY,72.133
2019-08-26,AUD,JPY,71.55
2019-09-02,AUD,JPY,72.171
2019-09-09,AUD,JPY,73.885
2019-09-16,AUD,JPY,73.745
2019-09-23,AUD,JPY,72.895
2019-09-30,AUD,JPY,72.266
2019-10-07,AUD,JPY,72.579
2019-10-14,AUD,JPY,73.58
2019-10-21,AUD,JPY,74.351
2019-10-28,AUD,JPY,74.605
2019-11-04,AUD,JPY,75.14
2019-11-11,AUD,JPY,74.268
2019-11-18,AUD,JPY,74.006
2019-11-25,AUD,JPY,74.041
2019-12-02,AUD,JPY,74.343
2019-12-09,AUD,JPY,74.58
2019-12-16,AUD,JPY,75.227
2019-12-23,AUD,JPY,75.918
2019-12-30,AUD,JPY,75.972
2020-01-06,AUD,JPY,74.935
2020-01-13,AUD,JPY,75.896
2020-01-20,AUD,JPY,75.362
2020-01-27,AUD,JPY,73.43
2020-02-03,AUD,JPY,73.566
2020-02-10,AUD,JPY,73.772
2020-02-17,AUD,JPY,73.824
2020-02-24,AUD,JPY,72.39
2020-03-02,AUD,JPY,70.569
2020-03-09,AUD,JPY,67.492
2020-03-16,AUD,JPY,64.195
2020-03-23,AUD,JPY,65.666
2020-03-30,AUD,JPY,65.539
2020-04-06,AUD,JPY,67.151
2020-04-13,AUD,JPY,68.142
2020-04-20,AUD,JPY,68.2
2020-04-27,AUD,JPY,69.43
2020-05-04,AUD,JPY,68.573
2020-05-11,AUD,JPY,69.353
2020-05-18,AUD,JPY,70.375
2020-05-25,AUD,JPY,71.246
2020-06-01,AUD,JPY,74.571
2020-06-08,AUD,JPY,74.899
2020-06-15,AUD,JPY,73.755
2020-06-22,AUD,JPY,73.755
2020-06-29,AUD,JPY,74.113
2020-07-06,AUD,JPY,74.729
2020-07-13,AUD,JPY,74.842
2020-07-20,AUD,JPY,75.866
2020-07-27,AUD,JPY,75.263
2020-08-03,AUD,JPY,75.873
2020-08-10,AUD,JPY,76.229
2020-08-17,AUD,JPY,76.173
2020-08-24,AUD,JPY,76.646
2020-08-31,AUD,JPY,77.778
2020-09-07,AUD,JPY,77.161
2020-09-14,AUD,JPY,76.78
2020-09-21,AUD,JPY,74.81
2020-09-28,AUD,JPY,75.285
2020-10-05,AUD,JPY,75.838
2020-10-12,AUD,JPY,75.293
2020-10-19,AUD,JPY,74.529
2020-10-26,AUD,JPY,74.047
2020-11-02,AUD,JPY,74.671
2020-11-09,AUD,JPY,76.504
2020-11-16,AUD,JPY,76.055
2020-11-23,AUD,JPY,76.595
2020-11-30,AUD,JPY,77.006
2020-12-07,AUD,JPY,77.805
2020-12-14,AUD,JPY,78.45
2020-12-21,AUD,JPY,78.224
2020-12-28,AUD,JPY,79.041
2021-01-04,AUD,JPY,80.01
2021-01-11,AUD,JPY,80.41
2021-01-18,AUD,JPY,80.09
2021-01-25,AUD,JPY,79.972
2021-02-01,AUD,JPY,80.11
2021-02-08,AUD,JPY,81.02
2021-02-15,AUD,JPY,82.23
2021-02-22,AUD,JPY,83.5
2021-03-01,AUD,JPY,83.21
2021-03-08,AUD,JPY,83.93
2021-03-15,AUD,JPY,84.43
2021-03-22,AUD,JPY,83.36
2021-03-29,AUD,JPY,84.01
2021-04-05,AUD,JPY,83.78
2021-04-12,AUD,JPY,83.78
2021-04-19,AUD,JPY,83.75
2021-04-26,AUD,JPY,84.45
2021-05-03,AUD,JPY,84.59
2021-05-10,AUD,JPY,85.0
2021-05-17,AUD,JPY,84.62
2021-05-24,AUD,JPY,84.53
2021-05-31,AUD,JPY,84.74
2021-06-07,AUD,JPY,84.77
2021-06-14,AUD,JPY,84.15
2021-06-21,AUD,JPY,83.58
2021-06-28,AUD,JPY,83.35
2021-07-05,AUD,JPY,82.83
2021-07-12,AUD,JPY,82.11
2021-07-19,AUD,JPY,80.83
2021-07-26,AUD,JPY,81.03
2021-08-02,AUD,JPY,80.89
2021-08-09,AUD,JPY,81.09
2021-08-16,AUD,JPY,79.219
2021-08-23,AUD,JPY,79.619
2021-08-30,AUD,JPY,80.94
2021-09-06,AUD,JPY,81.37
2021-09-13,AUD,JPY,80.42
2021-09-20,AUD,JPY,79.575
2021-09-27,AUD,JPY,80.62
2021-10-04,AUD,JPY,81.12
2021-10-11,AUD,JPY,83.83
2021-10-18,AUD,JPY,85.22
2021-10-25,AUD,JPY,85.47
2021-11-01,AUD,JPY,84.78
2021-11-08,AUD,JPY,83.5
2021-11-15,AUD,JPY,83.36
2021-11-22,AUD,JPY,82.65
2021-11-29,AUD,JPY,80.57
2021-12-06,AUD,JPY,80.77
2021-12-13,AUD,JPY,81.38
2021-12-20,AUD,JPY,81.84
2021-12-27,AUD,JPY,83.29
2022-01-03,AUD,JPY,83.34
2022-01-10,AUD,JPY,82.91
2022-01-17,AUD,JPY,82.44
2022-01-24,AUD,JPY,81.29
2022-01-31,AUD,JPY,81.56
2022-02-07,AUD,JPY,82.62
2022-02-14,AUD,JPY,82.68
2022-02-21,AUD,JPY,83.01
2022-02-28,AUD,JPY,84.03
2022-03-07,AUD,JPY,84.97
2022-03-14,AUD,JPY,86.28
2022-03-21,AUD,JPY,90.2
2022-03-28,AUD,JPY,92.05
2022-04-04,AUD,JPY,93.04
2022-04-11,AUD,JPY,93.36
2022-04-18,AUD,JPY,94.59
2022-04-25,AUD,JPY,92.2
2022-05-02,AUD,JPY,92.55
2022-05-09,AUD,JPY,90.11
2022-05-16,AUD,JPY,90.2
2022-05-23,AUD,JPY,90.21
2022-05-30,AUD,JPY,92.94
2022-06-06,AUD,JPY,95.52
2022-06-13,AUD,JPY,93.22
2022-06-20,AUD,JPY,93.89
2022-06-27,AUD,JPY,93.55
2022-07-04,AUD,JPY,92.56
2022-07-11,AUD,JPY,93.11
2022-07-18,AUD,JPY,95.01
2022-07-25,AUD,JPY,94.47
2022-08-01,AUD,JPY,92.45
2022-08-08,AUD,JPY,94.25
2022-08-15,AUD,JPY,93.91
2022-08-22,AUD,JPY,94.83
2022-08-29,AUD,JPY,95.4
2022-09-05,AUD,JPY,96.61
2022-09-12,AUD,JPY,96.9
2022-09-19,AUD,JPY,95.22
2022-09-26,AUD,JPY,93.47
2022-10-03,AUD,JPY,93.32
2022-10-10,AUD,JPY,92.03
2022-10-17,AUD,JPY,94.01
2022-10-24,AUD,JPY,94.47
2022-10-31,AUD,JPY,94.47
2022-11-07,AUD,JPY,94.15
2022-11-14,AUD,JPY,93.9
2022-11-21,AUD,JPY,93.78
2022-11-28,AUD,JPY,92.67
2022-12-05,AUD,JPY,91.99
2022-12-12,AUD,JPY,92.52
2022-12-19,AUD,JPY,89.15
2022-12-26,AUD,JPY,89.99
2023-01-02,AUD,JPY,89.6
2023-01-09,AUD,JPY,90.68
2023-01-16,AUD,JPY,89.61
2023-01-23,AUD,JPY,91.84
2023-01-30,AUD,JPY,91.49
2023-02-06,AUD,JPY,91.2
2023-02-13,AUD,JPY,92.18
2023-02-20,AUD,JPY,92.19
2023-02-27,AUD,JPY,91.85
2023-03-06,AUD,JPY,90.59
2023-03-13,AUD,JPY,88.5
2023-03-20,AUD,JPY,87.91
2023-03-27,AUD,JPY,88.19
2023-04-03,AUD,JPY,88.9
2023-04-10,AUD,JPY,89.4
2023-04-17,AUD,JPY,90.12
2023-04-24,AUD,JPY,89.08
2023-05-01,AUD,JPY,90.6
2023-05-08,AUD,JPY,90.97
2023-05-15,AUD,JPY,91.33
2023-05-22,AUD,JPY,91.38
2023-05-29,AUD,JPY,91.31
2023-06-05,AUD,JPY,93.19
2023-06-12,AUD,JPY,95.37
2023-06-19,AUD,JPY,96.17
2023-06-26,AUD,JPY,95.74
2023-07-03,AUD,JPY,96.06
2023-07-10,AUD,JPY,94.29
2023-07-17,AUD,JPY,94.7
2023-07-24,AUD,JPY,94.68
2023-07-31,AUD,JPY,94.17
2023-08-07,AUD,JPY,93.82
2023-08-14,AUD,JPY,93.87
2023-08-21,AUD,JPY,93.75
2023-08-28,AUD,JPY,94.33
2023-09-04,AUD,JPY,94.19
2023-09-11,AUD,JPY,94.72
2023-09-18,AUD,JPY,95.37
2023-09-25,AUD,JPY,95.65
2023-10-02,AUD,JPY,94.75
2023-10-09,AUD,JPY,95.15
2023-10-16,AUD,JPY,94.85
2023-10-23,AUD,JPY,94.98
2023-10-30,AUD,JPY,96.22
2023-11-06,AUD,JPY,96.82
2023-11-13,AUD,JPY,97.35
2023-11-20,AUD,JPY,97.63
2023-11-27,AUD,JPY,97.93
2023-12-04,AUD,JPY,96.25
2023-12-11,AUD,JPY,95.44
2023-12-18,AUD,JPY,96.73
2023-12-25,AUD,JPY,96.7
2024-01-01,AUD,JPY,96.66
2024-01-08,AUD,JPY,97.04
2024-01-15,AUD,JPY,97.09
2024-01-22,AUD,JPY,97.35
2024-01-29,AUD,JPY,96.96
2024-02-05,AUD,JPY,96.81
2024-02-12,AUD,JPY,97.6
2024-02-19,AUD,JPY,98.53
2024-02-26,AUD,JPY,98.05
2024-03-04,AUD,JPY,97.73
2024-03-11,AUD,JPY,97.59
2024-03-18,AUD,JPY,98.68
2024-03-25,AUD,JPY,98.73
2024-04-01,AUD,JPY,99.36
2024-04-08,AUD,JPY,100.08
2024-04-15,AUD,JPY,99.4
2024-04-22,AUD,JPY,100.89
2024-04-29,AUD,JPY,101.75
2024-05-06,AUD,JPY,102.34
2024-05-13,AUD,JPY,103.4
2024-05-20,AUD,JPY,104.09
2024-05-27,AUD,JPY,104.26
2024-06-03,AUD,JPY,103.69
2024-06-10,AUD,JPY,103.9
2024-06-17,AUD,JPY,105.09
2024-06-24,AUD,JPY,106.5
2024-07-01,AUD,JPY,107.93
2024-07-08,AUD,JPY,108.5
2024-07-15,AUD,JPY,106.04
2024-07-22,AUD,JPY,102.09
2024-07-29,AUD,JPY,99.06
2024-08-05,AUD,JPY,94.89
2024-08-12,AUD,JPY,97.55
2024-08-19,AUD,JPY,98.25
2024-08-26,AUD,JPY,98.16
2024-09-02,AUD,JPY,97.63
2024-09-09,AUD,JPY,95.01
2024-09-16,AUD,JPY,96.33
2024-09-23,AUD,JPY,98.74
2024-09-30,AUD,JPY,99.76
2024-10-07,AUD,JPY,100.18
2024-10-14,AUD,JPY,100.29
2024-10-21,AUD,JPY,100.91
2024-10-28,AUD,JPY,100.63
2024-11-04,AUD,JPY,101.11
2024-11-11,AUD,JPY,100.94
2024-11-18,AUD,JPY,100.52
2024-11-25,AUD,JPY,98.86
2024-12-02,AUD,JPY,96.87
2024-12-09,AUD,JPY,97.32
2024-12-16,AUD,JPY,97.73
2024-12-23,AUD,JPY,98.01
2024-12-30,AUD,JPY,97.66
2025-01-06,AUD,JPY,98.25
2025-01-13,AUD,JPY,96.89
2025-01-20,AUD,JPY,97.73
2025-01-27,AUD,JPY,96.62
2025-02-03,AUD,JPY,95.76
2025-02-10,AUD,JPY,96.13
2025-02-17,AUD,JPY,96.17
2025-02-24,AUD,JPY,94.53
2025-03-03,AUD,JPY,93.41
2025-03-10,AUD,JPY,93.34
2025-03-17,AUD,JPY,94.29
2025-03-24,AUD,JPY,94.79
2025-03-31,AUD,JPY,92.42
2025-04-07,AUD,JPY,88.62
2025-04-14,AUD,JPY,90.77
2025-04-21,AUD,JPY,90.74
2025-04-28,AUD,JPY,91.87
2025-05-05,AUD,JPY,92.83
2025-05-12,AUD,JPY,94.21
2025-05-19,AUD,JPY,92.52
2025-05-26,AUD,JPY,92.91
2025-06-02,AUD,JPY,93.06
2025-06-09,AUD,JPY,93.98
2025-06-16,AUD,JPY,94.31
2025-06-23,AUD,JPY,94.42
2025-06-30,AUD,JPY,94.41
2025-07-07,AUD,JPY,95.72
2025-07-14,AUD,JPY,96.75
2025-07-21,AUD,JPY,96.5
2025-07-28,AUD,JPY,96.55
2025-08-04,AUD,JPY,95.88
2025-08-11,AUD,JPY,96.08
2025-08-18,AUD,JPY,95.49
2025-08-25,AUD,JPY,95.84
2025-09-01,AUD,JPY,96.77
2025-09-08,AUD,JPY,97.55
2025-09-15,AUD,JPY,97.92
2025-09-22,AUD,JPY,97.78
2025-09-29,AUD,JPY,97.4
2025-10-06,AUD,JPY,99.91
2025-10-13,AUD,JPY,98.36
2025-10-20,AUD,JPY,98.72
2025-10-27,AUD,JPY,100.45
2025-11-03,AUD,JPY,99.92
2025-11-10,AUD,JPY,100.86
2025-11-17,AUD,JPY,101.25
2025-11-24,AUD,JPY,101.48
2018-12-31,THB,JPY,3.3717
2019-01-07,THB,JPY,3.3913
2019-01-14,THB,JPY,3.4189
2019-01-21,THB,JPY,3.4555
2019-01-28,THB,JPY,3.4775
2019-02-04,THB,JPY,3.5073
2019-02-11,THB,JPY,3.529
2019-02-18,THB,JPY,3.5482
2019-02-25,THB,JPY,3.5284
2019-03-04,THB,JPY,3.511
2019-03-11,THB,JPY,3.5135
2019-03-18,THB,JPY,3.504
2019-03-25,THB,JPY,3.4818
2019-04-01,THB,JPY,3.5042
2019-04-08,THB,JPY,3.5024
2019-04-15,THB,JPY,3.5205
2019-04-22,THB,JPY,3.4928
2019-04-29,THB,JPY,3.4879
2019-05-06,THB,JPY,3.4668
2019-05-13,THB,JPY,3.4619
2019-05-20,THB,JPY,3.4484
2019-05-27,THB,JPY,3.4388
2019-06-03,THB,JPY,3.4544
2019-06-10,THB,JPY,3.4717
2019-06-17,THB,JPY,3.4718
2019-06-24,THB,JPY,3.4996
2019-07-01,THB,JPY,3.5261
2019-07-08,THB,JPY,3.5245
2019-07-15,THB,JPY,3.495
2019-07-22,THB,JPY,3.5032
2019-07-29,THB,JPY,3.5141
2019-08-05,THB,JPY,3.4472
2019-08-12,THB,JPY,3.4265
2019-08-19,THB,JPY,3.4594
2019-08-26,THB,JPY,3.4644
2019-09-02,THB,JPY,3.4765
2019-09-09,THB,JPY,3.5222
2019-09-16,THB,JPY,3.538
2019-09-23,THB,JPY,3.5203
2019-09-30,THB,JPY,3.5156
2019-10-07,THB,JPY,3.5314
2019-10-14,THB,JPY,3.5744
2019-10-21,THB,JPY,3.5865
2019-10-28,THB,JPY,3.5959
2019-11-04,THB,JPY,3.5975
2019-11-11,THB,JPY,3.5966
2019-11-18,THB,JPY,3.5977
2019-11-25,THB,JPY,3.6141
2019-12-02,THB,JPY,3.5915
2019-12-09,THB,JPY,3.5972
2019-12-16,THB,JPY,3.6238
2019-12-23,THB,JPY,3.6295
2019-12-30,THB,JPY,3.6234
2020-01-06,THB,JPY,3.5975
2020-01-13,THB,JPY,3.6305
2020-01-20,THB,JPY,3.6084
2020-01-27,THB,JPY,3.5171
2020-02-03,THB,JPY,3.5218
2020-02-10,THB,JPY,3.5192
2020-02-17,THB,JPY,3.5368
2020-02-24,THB,JPY,3.476
2020-03-02,THB,JPY,3.4004
2020-03-09,THB,JPY,3.3103
2020-03-16,THB,JPY,3.3379
2020-03-23,THB,JPY,3.3656
2020-03-30,THB,JPY,3.2833
2020-04-06,THB,JPY,3.3202
2020-04-13,THB,JPY,3.2923
2020-04-20,THB,JPY,3.3177
2020-04-27,THB,JPY,3.2913
2020-05-04,THB,JPY,3.2912
2020-05-11,THB,JPY,3.3359
2020-05-18,THB,JPY,3.3738
2020-05-25,THB,JPY,3.3736
2020-06-01,THB,JPY,3.4369
2020-06-08,THB,JPY,3.4605
2020-06-15,THB,JPY,3.445
2020-06-22,THB,JPY,3.459
2020-06-29,THB,JPY,3.468
2020-07-06,THB,JPY,3.4413
2020-07-13,THB,JPY,3.394
2020-07-20,THB,JPY,3.3764
2020-07-27,THB,JPY,3.3475
2020-08-03,THB,JPY,3.4006
2020-08-10,THB,JPY,3.4264
2020-08-17,THB,JPY,3.3772
2020-08-24,THB,JPY,3.3836
2020-08-31,THB,JPY,3.3972
2020-09-07,THB,JPY,3.3861
2020-09-14,THB,JPY,3.3691
2020-09-21,THB,JPY,3.3342
2020-09-28,THB,JPY,3.3369
2020-10-05,THB,JPY,3.3916
2020-10-12,THB,JPY,3.3791
2020-10-19,THB,JPY,3.3608
2020-10-26,THB,JPY,3.3479
2020-11-02,THB,JPY,3.3687
2020-11-09,THB,JPY,3.4712
2020-11-16,THB,JPY,3.4405
2020-11-23,THB,JPY,3.4367
2020-11-30,THB,JPY,3.4489
2020-12-07,THB,JPY,3.4616
2020-12-14,THB,JPY,3.4526
2020-12-21,THB,JPY,3.4345
2020-12-28,THB,JPY,3.4435
2021-01-04,THB,JPY,3.4448
2021-01-11,THB,JPY,3.4595
2021-01-18,THB,JPY,3.4557
2021-01-25,THB,JPY,3.4717
2021-02-01,THB,JPY,3.5021
2021-02-08,THB,JPY,3.5057
2021-02-15,THB,JPY,3.524
2021-02-22,THB,JPY,3.5142
2021-03-01,THB,JPY,3.535
2021-03-08,THB,JPY,3.5378
2021-03-15,THB,JPY,3.5428
2021-03-22,THB,JPY,3.5137
2021-03-29,THB,JPY,3.5319
2021-04-05,THB,JPY,3.4946
2021-04-12,THB,JPY,3.4752
2021-04-19,THB,JPY,3.4513
2021-04-26,THB,JPY,3.4699
2021-05-03,THB,JPY,3.5044
2021-05-10,THB,JPY,3.491
2021-05-17,THB,JPY,3.4694
2021-05-24,THB,JPY,3.4882
2021-05-31,THB,JPY,3.5209
2021-06-07,THB,JPY,3.513
2021-06-14,THB,JPY,3.5229
2021-06-21,THB,JPY,3.4822
2021-06-28,THB,JPY,3.4605
2021-07-05,THB,JPY,3.4139
2021-07-12,THB,JPY,3.3721
2021-07-19,THB,JPY,3.3475
2021-07-26,THB,JPY,3.3436
2021-08-02,THB,JPY,3.3022
2021-08-09,THB,JPY,3.3125
2021-08-16,THB,JPY,3.284
2021-08-23,THB,JPY,3.3455
2021-08-30,THB,JPY,3.3954
2021-09-06,THB,JPY,3.3709
2021-09-13,THB,JPY,3.325
2021-09-20,THB,JPY,3.2884
2021-09-27,THB,JPY,3.3003
2021-10-04,THB,JPY,3.2936
2021-10-11,THB,JPY,3.3995
2021-10-18,THB,JPY,3.419
2021-10-25,THB,JPY,3.4267
2021-11-01,THB,JPY,3.4192
2021-11-08,THB,JPY,3.4574
2021-11-15,THB,JPY,3.4912
2021-11-22,THB,JPY,3.4459
2021-11-29,THB,JPY,3.3525
2021-12-06,THB,JPY,3.3734
2021-12-13,THB,JPY,3.4075
2021-12-20,THB,JPY,3.3948
2021-12-27,THB,JPY,3.4373
2022-01-03,THB,JPY,3.466
2022-01-10,THB,JPY,3.4411
2022-01-17,THB,JPY,3.4635
2022-01-24,THB,JPY,3.4557
2022-01-31,THB,JPY,3.4628
2022-02-07,THB,JPY,3.5224
2022-02-14,THB,JPY,3.5727
2022-02-21,THB,JPY,3.5499
2022-02-28,THB,JPY,3.53
2022-03-07,THB,JPY,3.5017
2022-03-14,THB,JPY,3.5491
2022-03-21,THB,JPY,3.6016
2022-03-28,THB,JPY,3.6619
2022-04-04,THB,JPY,3.684
2022-04-11,THB,JPY,3.7373
2022-04-18,THB,JPY,3.787
2022-04-25,THB,JPY,3.7634
2022-05-02,THB,JPY,3.7866
2022-05-09,THB,JPY,3.7442
2022-05-16,THB,JPY,3.7262
2022-05-23,THB,JPY,3.7205
2022-05-30,THB,JPY,3.7631
2022-06-06,THB,JPY,3.8562
2022-06-13,THB,JPY,3.8296
2022-06-20,THB,JPY,3.8266
2022-06-27,THB,JPY,3.8464
2022-07-04,THB,JPY,3.7718
2022-07-11,THB,JPY,3.7881
2022-07-18,THB,JPY,3.758
2022-07-25,THB,JPY,3.7101
2022-08-01,THB,JPY,3.6854
2022-08-08,THB,JPY,3.7849
2022-08-15,THB,JPY,3.7902
2022-08-22,THB,JPY,3.7981
2022-08-29,THB,JPY,3.8079
2022-09-05,THB,JPY,3.9094
2022-09-12,THB,JPY,3.9034
2022-09-19,THB,JPY,3.8444
2022-09-26,THB,JPY,3.8046
2022-10-03,THB,JPY,3.8543
2022-10-10,THB,JPY,3.8528
2022-10-17,THB,JPY,3.9222
2022-10-24,THB,JPY,3.8911
2022-10-31,THB,JPY,3.91
2022-11-07,THB,JPY,3.9322
2022-11-14,THB,JPY,3.9139
2022-11-21,THB,JPY,3.8954
2022-11-28,THB,JPY,3.8991
2022-12-05,THB,JPY,3.9084
2022-12-12,THB,JPY,3.9235
2022-12-19,THB,JPY,3.8335
2022-12-26,THB,JPY,3.8443
2023-01-02,THB,JPY,3.8615
2023-01-09,THB,JPY,3.9345
2023-01-16,THB,JPY,3.9119
2023-01-23,THB,JPY,3.9628
2023-01-30,THB,JPY,3.9342
2023-02-06,THB,JPY,3.9126
2023-02-13,THB,JPY,3.902
2023-02-20,THB,JPY,3.8933
2023-02-27,THB,JPY,3.9044
2023-03-06,THB,JPY,3.9113
2023-03-13,THB,JPY,3.8544
2023-03-20,THB,JPY,3.846
2023-03-27,THB,JPY,3.8571
2023-04-03,THB,JPY,3.8749
2023-04-10,THB,JPY,3.8997
2023-04-17,THB,JPY,3.9034
2023-04-24,THB,JPY,3.9235
2023-05-01,THB,JPY,3.9911
2023-05-08,THB,JPY,3.9942
2023-05-15,THB,JPY,4.0135
2023-05-22,THB,JPY,4.0149
2023-05-29,THB,JPY,4.0205
2023-06-05,THB,JPY,4.0174
2023-06-12,THB,JPY,4.046
2023-06-19,THB,JPY,4.0667
2023-06-26,THB,JPY,4.0662
2023-07-03,THB,JPY,4.1125
2023-07-10,THB,JPY,4.0187
2023-07-17,THB,JPY,4.073
2023-07-24,THB,JPY,4.0917
2023-07-31,THB,JPY,4.1441
2023-08-07,THB,JPY,4.0997
2023-08-14,THB,JPY,4.1195
2023-08-21,THB,JPY,4.1572
2023-08-28,THB,JPY,4.1657
2023-09-04,THB,JPY,4.1484
2023-09-11,THB,JPY,4.1238
2023-09-18,THB,JPY,4.1117
2023-09-25,THB,JPY,4.0898
2023-10-02,THB,JPY,4.038
2023-10-09,THB,JPY,4.0811
2023-10-16,THB,JPY,4.1138
2023-10-23,THB,JPY,4.1352
2023-10-30,THB,JPY,4.1837
2023-11-06,THB,JPY,4.2272
2023-11-13,THB,JPY,4.2372
2023-11-20,THB,JPY,4.2183
2023-11-27,THB,JPY,4.2287
2023-12-04,THB,JPY,4.1508
2023-12-11,THB,JPY,4.0739
2023-12-18,THB,JPY,4.1053
2023-12-25,THB,JPY,4.1264
2024-01-01,THB,JPY,4.1632
2024-01-08,THB,JPY,4.1387
2024-01-15,THB,JPY,4.1612
2024-01-22,THB,JPY,4.1418
2024-01-29,THB,JPY,4.1591
2024-02-05,THB,JPY,4.159
2024-02-12,THB,JPY,4.1646
2024-02-19,THB,JPY,4.1752
2024-02-26,THB,JPY,4.1876
2024-03-04,THB,JPY,4.1784
2024-03-11,THB,JPY,4.1454
2024-03-18,THB,JPY,4.1735
2024-03-25,THB,JPY,4.1578
2024-04-01,THB,JPY,4.1326
2024-04-08,THB,JPY,4.1728
2024-04-15,THB,JPY,4.2015
2024-04-22,THB,JPY,4.1966
2024-04-29,THB,JPY,4.2034
2024-05-06,THB,JPY,4.2101
2024-05-13,THB,JPY,4.2675
2024-05-20,THB,JPY,4.299
2024-05-27,THB,JPY,4.275
2024-06-03,THB,JPY,4.2578
2024-06-10,THB,JPY,4.278
2024-06-17,THB,JPY,4.308
2024-06-24,THB,JPY,4.3566
2024-07-01,THB,JPY,4.3942
2024-07-08,THB,JPY,4.4258
2024-07-15,THB,JPY,4.3617
2024-07-22,THB,JPY,4.2821
2024-07-29,THB,JPY,4.2485
2024-08-05,THB,JPY,4.11
2024-08-12,THB,JPY,4.2098
2024-08-19,THB,JPY,4.2569
2024-08-26,THB,JPY,4.2557
2024-09-02,THB,JPY,4.2674
2024-09-09,THB,JPY,4.2257
2024-09-16,THB,JPY,4.2762
2024-09-23,THB,JPY,4.4003
2024-09-30,THB,JPY,4.4228
2024-10-07,THB,JPY,4.4424
2024-10-14,THB,JPY,4.5026
2024-10-21,THB,JPY,4.5073
2024-10-28,THB,JPY,4.5258
2024-11-04,THB,JPY,4.5012
2024-11-11,THB,JPY,4.455
2024-11-18,THB,JPY,4.4667
2024-11-25,THB,JPY,4.4126
2024-12-02,THB,JPY,4.3876
2024-12-09,THB,JPY,4.4918
2024-12-16,THB,JPY,4.5212
2024-12-23,THB,JPY,4.6076
2024-12-30,THB,JPY,4.583
2025-01-06,THB,JPY,4.5657
2025-01-13,THB,JPY,4.5206
2025-01-20,THB,JPY,4.5963
2025-01-27,THB,JPY,4.5903
2025-02-03,THB,JPY,4.5434
2025-02-10,THB,JPY,4.5062
2025-02-17,THB,JPY,4.4877
2025-02-24,THB,JPY,4.4335
2025-03-03,THB,JPY,4.409
2025-03-10,THB,JPY,4.386
2025-03-17,THB,JPY,4.4254
2025-03-24,THB,JPY,4.4327
2025-03-31,THB,JPY,4.3286
2025-04-07,THB,JPY,4.2378
2025-04-14,THB,JPY,4.2768
2025-04-21,THB,JPY,4.251
2025-04-28,THB,JPY,4.2969
2025-05-05,THB,JPY,4.3878
2025-05-12,THB,JPY,4.4036
2025-05-19,THB,JPY,4.3796
2025-05-26,THB,JPY,4.4019
2025-06-02,THB,JPY,4.403
2025-06-09,THB,JPY,4.4346
2025-06-16,THB,JPY,4.4423
2025-06-23,THB,JPY,4.451
2025-06-30,THB,JPY,4.4401
2025-07-07,THB,JPY,4.4942
2025-07-14,THB,JPY,4.5666
2025-07-21,THB,JPY,4.5557
2025-07-28,THB,JPY,4.577
2025-08-04,THB,JPY,4.5558
2025-08-11,THB,JPY,4.5504
2025-08-18,THB,JPY,4.5415
2025-08-25,THB,JPY,4.5465
2025-09-01,THB,JPY,4.5872
2025-09-08,THB,JPY,4.6468
2025-09-15,THB,JPY,4.6297
2025-09-22,THB,JPY,4.6383
2025-09-29,THB,JPY,4.5621
2025-10-06,THB,JPY,4.6634
2025-10-13,THB,JPY,4.6405
2025-10-20,THB,JPY,4.6365
2025-10-27,THB,JPY,4.7211
2025-11-03,THB,JPY,4.7352
2025-11-10,THB,JPY,4.7643
2025-11-17,THB,JPY,4.8129
2025-11-24,THB,JPY,4.8473
